{
   "ServiceType":1,
   "ShippingOrder":"recOSpMmLUztJ5kivZ",
   "DocumentNumber":"131764002",
   "ShippingDate":"2020-04-22T20:00:00-04:00",
   "Consignees":[
      {
         "ConsigneeName":"Ronar Alexander ",
         "ConsigneeContactName":"null",
         "ConsigneeDocumentType":"RNC",
         "ConsigneeDocumentNumber":"20959237744",
         "ConsigneeAddress":"Antonio Beruti 4441 piso 2 departamento 213",
         "ConsigneeSector":"null",
         "ConsigneeTown":"CABA",
         "ConsigneeZone":"null",
         "ConsigneeTelephone1":"+541165089226",
         "ConsigneeTelephone2":"null",
         "ConsigneeMobile":"null",
         "ConsigneeEmail":"ronaresposito@gmail.com",
         "ConsigneeLatitude":"null",
         "ConsigneeLongitude":"null",
         "ConsigneeAppointment":false,
         "ConsigneeAppointmentWindowStart":"null",
         "ConsigneeAppointmentWindowEnd":"null",
         "ShipperName":"GLOVO REPUBLICA DOMINICANA",
         "CollectionAppointment":false,
         "CollectionAppointmentWindowStart":"null",
         "CollectionAppointmentWindowEnd":"null",
         "CollectionAddress":"Kilómetro 11.5 carretera Sánchez de la avenida Independencia, al lado de la plaza Luperon",
         "CollectionSector":"null",
         "CollectionTown":"null",
         "CollectionZone":"null",
         "CollectionLatitude":"null",
         "CollectionLongitude":"null",
         "ShipperTelephone":"8093835031",
         "ShippingOrders":[
            {
               "CreatedDate":"2020-04-22T20:00:00-04:00",
               "InvoiceNumber":"recOSpMmLUztJ5kivZ",
               "PurchaseOrder":"null",
               "InternalTrackingNumber":"recOSpMmLUztJ5kivZ",
               "Products":[
                  {
                     "IdPackageType":4,
                     "ProductCode":"WKITG_AR02",
                     "ProductDescription":"Cubic, phone support, battery",
                     "Qty":1.0,
                     "ProductPrice":0.0
                  }
               ],
               "ImportDuties":0.0,
               "TransportFee":0.0,
               "IsConsigneeCollectPayment":false,
               "ConsigneePaymentType":1,
               "PackageQty":1,
               "IdPackageType":4,
               "DeliveryDate":null,
               "Note":null,
               "UserDefine1":null,
               "UserDefine2":null,
               "UserDefine3":null,
               "UserDefine4":null,
               "UserDefine5":null
            }
         ],
         "ShipperClient":null
      }
   ],
   "UserDefine1":null,
   "UserDefine2":null,
   "UserDefine3":null,
   "UserDefine4":null,
   "UserDefine5":null,
   "ShippingType":0
}