{
   "ServiceType":1,
   "ShippingOrder":"IMCA0000003",
   "DocumentNumber":"101010215",
   "ShippingDate":"2020-04-22T20:00:00-04:00",
   "Consignees":[
      {
         "ConsigneeName":"Jose Roberto Taveras Galvan",
         "ConsigneeContactName":"null",
         "ConsigneeDocumentType":"CED",
         "ConsigneeDocumentNumber":"05300268645",
         "ConsigneeAddress":"Ave. Isabela Aguiar, Residencial Jardines de la Isabela Ed. Rosa apto B24",
         "ConsigneeSector":"null",
         "ConsigneeTown":"Santo Domingo Oeste",
         "ConsigneeZone":"null",
         "ConsigneeTelephone1":"829-662-0002",
         "ConsigneeTelephone2":"null",
         "ConsigneeMobile":"null",
         "ConsigneeEmail":"jrtaveras@schad.do",
         "ConsigneeLatitude":"null",
         "ConsigneeLongitude":"null",
         "ConsigneeAppointment":false,
         "ConsigneeAppointmentWindowStart":"null",
         "ConsigneeAppointmentWindowEnd":"null",
         "ShipperName":"IMCA",
         "CollectionAppointment":false,
         "CollectionAppointmentWindowStart":"null",
         "CollectionAppointmentWindowEnd":"null",
         "CollectionAddress":"Kilómetro 11.5 carretera Sánchez de la avenida Independencia, al lado de la plaza Luperon",
         "CollectionSector":"null",
         "CollectionTown":"null",
         "CollectionZone":"null",
         "CollectionLatitude":"null",
         "CollectionLongitude":"null",
         "ShipperTelephone":"809-560-4622",
         "ShippingOrders":[
            {
               "CreatedDate":"2020-04-22T20:00:00-04:00",
               "InvoiceNumber":"IMCA0000003-FAC0002",
               "PurchaseOrder":"null",
               "InternalTrackingNumber":"IMCA0000003-FAC0002",
               "Products":[
                  {
                     "IdPackageType":4,
                     "ProductCode":"WKITG_AR02",
                     "ProductDescription":"Cubic, phone support, battery",
                     "Qty":1.0,
                     "ProductPrice":0.0
                  }
               ],
               "ImportDuties":0.0,
               "TransportFee":0.0,
               "IsConsigneeCollectPayment":false,
               "ConsigneePaymentType":1,
               "PackageQty":1,
               "IdPackageType":4,
               "DeliveryDate":null,
               "Note":null,
               "UserDefine1":null,
               "UserDefine2":null,
               "UserDefine3":null,
               "UserDefine4":null,
               "UserDefine5":null
            }
         ],
         "ShipperClient":null
      }
   ],
   "UserDefine1":null,
   "UserDefine2":null,
   "UserDefine3":null,
   "UserDefine4":null,
   "UserDefine5":null,
   "ShippingType":0
}