{
    "ServiceType": 1,
    "ShippingOrder": "testtransbel01",
    "DocumentNumber": "101893788", //Rnc de ustedes
    "ShippingDate": "2020-04-22T20:00:00-04:00",
    "Consignees": [
        {
            "ConsigneeName": "Ronar Alexander ",
            "ConsigneeContactName": "null",
            "ConsigneeDocumentType": "RNC", //RNC OR CED Segun sea cedula o rnc
            "ConsigneeDocumentNumber": "20959237744",
            "ConsigneeAddress": "Antonio Beruti 4441 piso 2 departamento 213",
            "ConsigneeSector": "null",
            "ConsigneeTown": "CABA",
            "ConsigneeZone": "null",
            "ConsigneeTelephone1": "+541165089226",
            "ConsigneeTelephone2": "null",
            "ConsigneeMobile": "null",
            "ConsigneeEmail": "jrtaveras@schad.com",
            "ConsigneeLatitude": "null",
            "ConsigneeLongitude": "null",
            "ConsigneeAppointment": false,
            "ConsigneeAppointmentWindowStart": "null",
            "ConsigneeAppointmentWindowEnd": "null",
            "ShipperName": "Transbel S.A.",
            "CollectionAppointment": false,
            "CollectionAppointmentWindowStart": "null",
            "CollectionAppointmentWindowEnd": "null",
            "CollectionAddress": "Kilómetro 11.5 carretera Sánchez de la avenida Independencia, al lado de la plaza Luperon",
            "CollectionSector": "null",
            "CollectionTown": "null",
            "CollectionZone": "null",
            "CollectionLatitude": "null",
            "CollectionLongitude": "null",
            "ShipperTelephone": "8093835031",
            "ShippingOrders": [
                {
                    "CreatedDate": "2020-04-22T20:00:00-04:00",
                    "InvoiceNumber": "FAC01",
                    "PurchaseOrder": "null",
                    "InternalTrackingNumber":null, //"Numero debe ser unico por orden ejemplo GUID SI ES nulo el sistema genera uno
                    "Products": [
                        {
                            "IdPackageType": 4,
                            "ProductCode": "WKITG_AR02",
                            "ProductDescription": "Cubic, phone support, battery",
                            "Qty": 1.0,
                            "ProductPrice": 0.0
                        }
                    ],
                    "ImportDuties": 0.0,
                    "TransportFee": 0.0,
                    "IsConsigneeCollectPayment": false,
                    "ConsigneePaymentType": 1,
                    "PackageQty": 1,
                    "IdPackageType": 4,
                    "DeliveryDate": null,
                    "Note": null,
                    "UserDefine1": null,
                    "UserDefine2": null,
                    "UserDefine3": null,
                    "UserDefine4": null,
                    "UserDefine5": null
                }
            ],
            "ShipperClient": null
        }
    ],
    "UserDefine1": null,
    "UserDefine2": null,
    "UserDefine3": null,
    "UserDefine4": null,
    "UserDefine5": null,
    "ShippingType": 0
}